Job Title,Company,Tags
Data Analyst 3,SkySlope,ğŸ’° Upgrade to Premium to see salary
Senior Full stack Developer,Lemon.io,"ğŸ’ƒ Latin America, ğŸ‡ªğŸ‡º Europe, ğŸŒ North America, ğŸ‡¦ğŸ‡º Australia, ğŸ‡³ğŸ‡¿ New Zealand"
,,
GTM Automation Engineer,Postscript,"ğŸŒ Probably worldwide, ğŸ’° Upgrade to Premium to see salary"
Pessoa Engenheira de Machine Learning Senior,Banco BV,"SÃ£o Paulo, ğŸ’° Upgrade to Premium to see salary"
Data Analyst,Restaurant365,ğŸ’° Upgrade to Premium to see salary
Product Data Analyst,Big Health,"Remote - US, ğŸ’° Upgrade to Premium to see salary"
Senior Python Software Engineer,Bloomreach,"Slovakia, ğŸ’° Upgrade to Premium to see salary"
Software Engineer,Ren,"ğŸŒ Probably worldwide, ğŸ’° Upgrade to Premium to see salary"
Senior Machine Learning Engineer AI Foundry,Kraken,"ğŸŒ Probably worldwide, ğŸ’° Upgrade to Premium to see salary"
Senior Software Engineer,ZenBusiness Inc.,ğŸ’° Upgrade to Premium to see salary
Site Reliability Engineer,Point72,"Bengaluru, ğŸ’° Upgrade to Premium to see salary"
Site Reliability Engineer,Linus Health,"ğŸŒ Probably worldwide, ğŸ’° Upgrade to Premium to see salary"
Principal Software Engineer Dynamo,2100 NVIDIA USA,"US, CA, Santa Clara, ğŸ’° Upgrade to Premium to see salary"
Junior Data Engineer,Satelligence,"Utrecht, ğŸ’° Upgrade to Premium to see salary"
Data Engineering Intern,RefinedScience,ğŸ’° Upgrade to Premium to see salary
Computational Biologist,BIO,"ğŸŒ Probably worldwide, ğŸ’° Upgrade to Premium to see salary"
Data Scientist,Arbol,"New York City, New York, ğŸ’° Upgrade to Premium to see salary"
Senior Data Scientist,Raya,ğŸ’° Upgrade to Premium to see salary
Technical Support Engineer,Swayable,"SF, ğŸ’° Upgrade to Premium to see salary"
Principal Software Engineer,Demandbase,"ğŸŒ Probably worldwide, ğŸ’° Upgrade to Premium to see salary"
Senior Full Stack Software Engineer,Empassion,"New York, NY, ğŸ’° Upgrade to Premium to see salary"
Senior Data Scientist,Jobgether,"Brazil, ğŸ’° Upgrade to Premium to see salary"
Senior Software Engineer Backend,Cresta,"Toronto, ğŸ’° Upgrade to Premium to see salary"
Forward Deployed Engineer AI Inference,"Red Hat, Inc.","Remote US MA, ğŸ’° Upgrade to Premium to see salary"
Senior Software Engineer Analytics,"Bayesian Health, Inc.","ğŸŒ Probably worldwide, ğŸ’° Upgrade to Premium to see salary"
Senior Staff AI Software Engineer,Aegis Ventures,"Remote, U.S., ğŸ’° Upgrade to Premium to see salary"
Security Architect,Dexterity,"Redwood City, ğŸ’° Upgrade to Premium to see salary"
Cloud Full Stack Python Software Engineer US,"Railroad19, Inc","U.S. Remote, ğŸ’° Upgrade to Premium to see salary"
Staff Software Engineer Backend,Leona Health,"San Francisco, ğŸ’° Upgrade to Premium to see salary"
Data Engineer,Sayari,"Remote - US, ğŸ’° Upgrade to Premium to see salary"
Senior Web Scraping Engineer Python,Oxylabs,"Poland, ğŸ’° Upgrade to Premium to see salary"
Senior Data Engineer,Ethena Labs,"Globally Remote, ğŸ’° Upgrade to Premium to see salary"
Software Developer,Benzinga,"ğŸŒ Probably worldwide, ğŸ’° Upgrade to Premium to see salary"
Staff Software Engineer Full Stack & AI Systems,Sully.ai,"ğŸŒ Probably worldwide, ğŸ’° Upgrade to Premium to see salary"
Data Engineer Revenue Platform,Spotify,"London, ğŸ’° Upgrade to Premium to see salary"
Data Engineer,Loop,"ğŸŒ Probably worldwide, ğŸ’° Upgrade to Premium to see salary"
Software Engineer Engineering Productivity,Reliable Robotics,ğŸ’° Upgrade to Premium to see salary
Senior Data Analyst,TextNow,"Open- Canada, ğŸ’° Upgrade to Premium to see salary"
EU GO Senior Software Engineer,Connectly,"Remote/Greece, ğŸ’° Upgrade to Premium to see salary"
Software Engineer,Mainstay Labs Inc.,"ğŸŒ Probably worldwide, ğŸ’° Upgrade to Premium to see salary"
Data Engineer,TextNow,"Open- Canada, ğŸ’° Upgrade to Premium to see salary"
Senior Data Engineer,ARB Interactive,"Miami, ğŸ’° Upgrade to Premium to see salary"
Senior Systems Engineer Hybrid Intelligent Systems,Flock Safety,"ğŸŒ Probably worldwide, ğŸ’° Upgrade to Premium to see salary"
Computer Vision Applied Scientist,Pano AI,"ğŸŒ Probably worldwide, ğŸ’° Upgrade to Premium to see salary"
Senior Application Security Engineer,Uniswap Labs,"New York, ğŸ’° Upgrade to Premium to see salary"
Senior DevOps Engineer,"Loka, Inc","LatAm, North Macedonia, Portugal, Serbia, ğŸ’° Upgrade to Premium to see salary"
Forward Deployed Engineer,Sayari,"Remote - US, ğŸ’° Upgrade to Premium to see salary"
Senior Data Engineer,3Pillar,"Mexico, ğŸ’° Upgrade to Premium to see salary"
*SR DevOps Data engineer,Coderio,"ğŸŒ Probably worldwide, ğŸ’° Upgrade to Premium to see salary"
Junior Data Engineer,Cylinder Health,"ğŸŒ Probably worldwide, ğŸ’° Upgrade to Premium to see salary"
